EMPREGADO;carlos;carlos@gmail.com;vendas;
EMPREGADO;joao;joao@gmail.com;marketing;
EMPREGADO;paulo;paulo@gmail.com;youtuber;
EMPREGADO;marcos;marcos@gmail.com;inova��o;
CONVIDADO;ana;ana@gmail.com;google;
CONVIDADO;maria;maria@gmail.com;meta;
EMPREGADO;davi;davi@gmail.com;TI;
